{"cameraMode":{"drawMode":0,"name":"Shaded","section":"Shading Mode"},"sceneLighting":true,"audioPlay":false,"sceneViewState":{"m_AlwaysRefresh":false,"showFog":true,"showSkybox":true,"showFlares":true,"showImageEffects":true,"showParticleSystems":true,"showVisualEffectGraphs":true,"m_FxEnabled":true},"in2DMode":false,"pivot":{"x":-2.184600353240967,"y":2.943885087966919,"z":0.6984844207763672},"rotation":{"x":-0.059328723698854449,"y":0.8829612731933594,"z":-0.11616326868534088,"w":-0.45096004009246828},"size":5.977447986602783,"orthographic":false}